<prezi xsi:schemaLocation="http://prezi.com/schema/prezi/2 http://prezi.com/schema/prezi/2" xmlns:xsi="http://www.w3.org/2001/XMLSchema-instance" version="2" xmlns="http://prezi.com/schema/prezi/2"><xFields><xField name="preziType"><xEnum type="PreziType" value="converted-from-core"/></xField></xFields><background><background><layers><array><backgroundImage><assetSourceFilename><string value="Comp 1_2.png"/></assetSourceFilename><depth><double value="13.264386720952682"/></depth><fadeScale><double value="0.16585764922888124"/></fadeScale><height><double value="1440"/></height><localToWorld><transform2D x="12045.118268647886" y="5489.183451761622" scale="42.85891089224233" rotation="0"/></localToWorld><onlineAssetId><string value="866501307"/></onlineAssetId><onlineAssetUrl><string value="http://0103.static.prezi.com.s3.amazonaws.com/media/f/2/5/b5a8e11dac4e34a231208a3a8637ffb268f32.png"/></onlineAssetUrl><width><double value="1615"/></width></backgroundImage></array></layers></background></background><documentStyle><documentStyle><fontClasses><array><fontClass><fontFamily><string value="NotoSans"/></fontFamily><name><string value="body"/></name></fontClass><fontClass><fontFamily><string value="Tinos"/></fontFamily><fontWeight><fontWeight value="bold"/></fontWeight><name><string value="head"/></name></fontClass><fontClass><fontFamily><string value="Tinos"/></fontFamily><fontWeight><fontWeight value="bold"/></fontWeight><name><string value="strong"/></name></fontClass></array></fontClasses><fontFamilies><array><fontFamily><fontFaces><array><fontFace><fontSrc><string value="NotoSans-Regular.keg"/></fontSrc></fontFace><fontFace><fontSrc><string value="NotoSans-Bold.keg"/></fontSrc><fontWeight><fontWeight value="bold"/></fontWeight></fontFace><fontFace><fontSrc><string value="NotoSans-Italic.keg"/></fontSrc><fontStyle><fontStyle value="italic"/></fontStyle></fontFace><fontFace><fontSrc><string value="NotoSans-BoldItalic.keg"/></fontSrc><fontStyle><fontStyle value="italic"/></fontStyle><fontWeight><fontWeight value="bold"/></fontWeight></fontFace></array></fontFaces><name><string value="NotoSans"/></name></fontFamily><fontFamily><fontFaces><array><fontFace><fontSrc><string value="Tinos-Bold.keg"/></fontSrc><fontWeight><fontWeight value="bold"/></fontWeight></fontFace><fontFace><fontSrc><string value="Tinos-Bold.keg"/></fontSrc><fontWeight><fontWeight value="bold"/></fontWeight></fontFace><fontFace><fontSrc><string value="Tinos-Italic.keg"/></fontSrc><fontStyle><fontStyle value="italic"/></fontStyle></fontFace><fontFace><fontSrc><string value="Tinos-BoldItalic.keg"/></fontSrc><fontStyle><fontStyle value="italic"/></fontStyle><fontWeight><fontWeight value="bold"/></fontWeight></fontFace><fontFace><fontSrc><string value="Tinos-Regular.keg"/></fontSrc></fontFace></array></fontFaces><name><string value="Tinos"/></name></fontFamily></array></fontFamilies><styleDeclarations><array><styleDeclaration><styleBlock><styleBlock><gradEndAlpha><double value="0.7"/></gradEndAlpha><gradStartAlpha><double value="0.5"/></gradStartAlpha></styleBlock></styleBlock><styleSelector><simpleSelector value="zCircle"/></styleSelector></styleDeclaration><styleDeclaration><styleBlock><styleBlock><color><color value="#FFFFFF"/></color><gradEndColor><color value="#FFFFFF"/></gradEndColor><gradStartColor><color value="#FFFFFF"/></gradStartColor><fillType><fillType value="linear"/></fillType><borderColor><color value="#FFFFFF"/></borderColor></styleBlock></styleBlock><styleSelector><simpleSelector value="*.line1"/></styleSelector></styleDeclaration><styleDeclaration><styleBlock><styleBlock><color><color value="#7A4780"/></color><gradEndColor><color value="#7A4780"/></gradEndColor><gradStartColor><color value="#7A4780"/></gradStartColor><fillType><fillType value="linear"/></fillType><borderColor><color value="#7A4780"/></borderColor></styleBlock></styleBlock><styleSelector><simpleSelector value="*.line2"/></styleSelector></styleDeclaration><styleDeclaration><styleBlock><styleBlock><color><color value="#402776"/></color><gradEndColor><color value="#402776"/></gradEndColor><gradStartColor><color value="#402776"/></gradStartColor><fillType><fillType value="linear"/></fillType><borderColor><color value="#402776"/></borderColor></styleBlock></styleBlock><styleSelector><simpleSelector value="*.line3"/></styleSelector></styleDeclaration><styleDeclaration><styleBlock><styleBlock><color><color value="#A3CBE6"/></color><gradEndColor><color value="#F3347C"/></gradEndColor><gradStartColor><color value="#F3347C"/></gradStartColor><fillType><fillType value="linear"/></fillType><borderColor><color value="#A3CBE6"/></borderColor></styleBlock></styleBlock><styleSelector><simpleSelector value="*.line4"/></styleSelector></styleDeclaration><styleDeclaration><styleBlock><styleBlock><color><color value="#21BFF2"/></color><gradEndColor><color value="#21BFF2"/></gradEndColor><gradStartColor><color value="#21BFF2"/></gradStartColor><fillType><fillType value="linear"/></fillType><borderColor><color value="#21BFF2"/></borderColor></styleBlock></styleBlock><styleSelector><simpleSelector value="*.line5"/></styleSelector></styleDeclaration><styleDeclaration><styleBlock><styleBlock><color><color value="#5F7DA5"/></color><gradEndColor><color value="#FFFFFF"/></gradEndColor><gradStartColor><color value="#FFFFFF"/></gradStartColor><fillType><fillType value="linear"/></fillType><borderColor><color value="#3682A2"/></borderColor><borderThickness><double value="9"/></borderThickness></styleBlock></styleBlock><styleSelector><simpleSelector value="*.poly1"/></styleSelector></styleDeclaration><styleDeclaration><styleBlock><styleBlock><color><color value="#5F7DA5"/></color><gradEndColor><color value="#7A4780"/></gradEndColor><gradStartColor><color value="#7A4780"/></gradStartColor><fillType><fillType value="linear"/></fillType><borderColor><color value="#7A4780"/></borderColor><borderThickness><double value="0"/></borderThickness></styleBlock></styleBlock><styleSelector><simpleSelector value="*.poly2"/></styleSelector></styleDeclaration><styleDeclaration><styleBlock><styleBlock><color><color value="#5F7DA5"/></color><gradEndColor><color value="#402776"/></gradEndColor><gradStartColor><color value="#402776"/></gradStartColor><fillType><fillType value="linear"/></fillType><borderColor><color value="#402776"/></borderColor><borderThickness><double value="0"/></borderThickness></styleBlock></styleBlock><styleSelector><simpleSelector value="*.poly3"/></styleSelector></styleDeclaration><styleDeclaration><styleBlock><styleBlock><color><color value="#5F7DA5"/></color><gradEndColor><color value="#F3347C"/></gradEndColor><gradStartColor><color value="#F3347C"/></gradStartColor><fillType><fillType value="linear"/></fillType><borderColor><color value="#A3CBE6"/></borderColor><borderThickness><double value="0"/></borderThickness></styleBlock></styleBlock><styleSelector><simpleSelector value="*.poly4"/></styleSelector></styleDeclaration><styleDeclaration><styleBlock><styleBlock><color><color value="#5F7DA5"/></color><gradEndColor><color value="#21BFF2"/></gradEndColor><gradStartColor><color value="#21BFF2"/></gradStartColor><fillType><fillType value="linear"/></fillType><borderColor><color value="#21BFF2"/></borderColor><borderThickness><double value="9"/></borderThickness></styleBlock></styleBlock><styleSelector><simpleSelector value="*.poly5"/></styleSelector></styleDeclaration><styleDeclaration><styleBlock><styleBlock><gradEndColor><color value="#44466D"/></gradEndColor><gradStartColor><color value="#7AB5DD"/></gradStartColor><fillType><fillType value="linear"/></fillType></styleBlock></styleBlock><styleSelector><simpleSelector value="background"/></styleSelector></styleDeclaration><styleDeclaration><styleBlock><styleBlock><gradEndAlpha><double value="0"/></gradEndAlpha><gradEndColor><color value="#FFFFFF"/></gradEndColor><gradStartAlpha><double value="1"/></gradStartAlpha><gradStartColor><color value="#FFFFFF"/></gradStartColor><fillType><fillType value="linear"/></fillType><borderAlpha><double value="0"/></borderAlpha><borderColor><color value="#FFFFFF"/></borderColor><borderThickness><double value="1"/></borderThickness><thickness><double value="10"/></thickness></styleBlock></styleBlock><styleSelector><simpleSelector value="zArrow"/></styleSelector></styleDeclaration><styleDeclaration><styleBlock><styleBlock><gradEndAlpha><double value="1"/></gradEndAlpha><gradStartAlpha><double value="1"/></gradStartAlpha><borderAlpha><double value="0"/></borderAlpha><radius><double value="0"/></radius><thickness><double value="100"/></thickness></styleBlock></styleBlock><styleSelector><simpleSelector value="zCircle"/></styleSelector></styleDeclaration><styleDeclaration><styleBlock><styleBlock><color><color value="#FFFFFF"/></color></styleBlock></styleBlock><styleSelector><simpleSelector value="zPencil"/></styleSelector></styleDeclaration><styleDeclaration><styleBlock><styleBlock><gradEndAlpha><double value="0.4"/></gradEndAlpha><gradEndColor><color value="#000000"/></gradEndColor><gradStartAlpha><double value="0.4"/></gradStartAlpha><gradStartColor><color value="#000000"/></gradStartColor><fillType><fillType value="linear"/></fillType><borderAlpha><double value="0"/></borderAlpha><borderColor><color value="#000000"/></borderColor><borderThickness><double value="0"/></borderThickness><thickness><double value="8"/></thickness></styleBlock></styleBlock><styleSelector><simpleSelector value="zBracketFrame"/></styleSelector></styleDeclaration><styleDeclaration><styleBlock><styleBlock><gradEndAlpha><double value="0.4"/></gradEndAlpha><gradEndColor><color value="#402776"/></gradEndColor><gradStartAlpha><double value="0.85"/></gradStartAlpha><gradStartColor><color value="#402776"/></gradStartColor><fillType><fillType value="linear"/></fillType><borderAlpha><double value="0"/></borderAlpha><borderColor><color value="#000000"/></borderColor><borderThickness><double value="0"/></borderThickness><thickness><double value="8"/></thickness></styleBlock></styleBlock><styleSelector><simpleSelector value="zCircleFrame"/></styleSelector></styleDeclaration><styleDeclaration><styleBlock><styleBlock><gradEndAlpha><double value="0.2"/></gradEndAlpha><gradEndColor><color value="#FFFFFF"/></gradEndColor><gradStartAlpha><double value="0"/></gradStartAlpha><gradStartColor><color value="#FFFFFF"/></gradStartColor><fillType><fillType value="linear"/></fillType><borderAlpha><double value="1"/></borderAlpha><borderColor><color value="#FFFFFF"/></borderColor><borderThickness><double value="6"/></borderThickness><radius><double value="3"/></radius><thickness><double value="8"/></thickness></styleBlock></styleBlock><styleSelector><simpleSelector value="zRectangleFrame"/></styleSelector></styleDeclaration><styleDeclaration><styleBlock><styleBlock><padding><double value="1.2"/></padding></styleBlock></styleBlock><styleSelector><simpleSelector value="zText"/></styleSelector></styleDeclaration><styleDeclaration><styleBlock><styleBlock><color><color value="#FFFFE1"/></color><fontClass><string value="body"/></fontClass></styleBlock></styleBlock><styleSelector><simpleSelector value="zText.body"/></styleSelector></styleDeclaration><styleDeclaration><styleBlock><styleBlock><backgroundAlpha><double value="0.8"/></backgroundAlpha><backgroundColor><color value="#000000"/></backgroundColor><backgroundPadding><double value="20"/></backgroundPadding></styleBlock></styleBlock><styleSelector><simpleSelector value="zText.body-background"/></styleSelector></styleDeclaration><styleDeclaration><styleBlock><styleBlock><color><color value="#FFFFFF"/></color><fontClass><string value="head"/></fontClass></styleBlock></styleBlock><styleSelector><simpleSelector value="zText.title"/></styleSelector></styleDeclaration><styleDeclaration><styleBlock><styleBlock><backgroundAlpha><double value="0.9"/></backgroundAlpha><backgroundColor><color value="#402776"/></backgroundColor><backgroundPadding><double value="6"/></backgroundPadding></styleBlock></styleBlock><styleSelector><simpleSelector value="zText.title-background"/></styleSelector></styleDeclaration><styleDeclaration><styleBlock><styleBlock><color><color value="#FFFFE1"/></color><fontClass><string value="strong"/></fontClass></styleBlock></styleBlock><styleSelector><simpleSelector value="zText.subtitle"/></styleSelector></styleDeclaration><styleDeclaration><styleBlock><styleBlock><backgroundAlpha><double value="0.9"/></backgroundAlpha><backgroundColor><color value="#402776"/></backgroundColor><backgroundPadding><double value="8"/></backgroundPadding></styleBlock></styleBlock><styleSelector><simpleSelector value="zText.subtitle-background"/></styleSelector></styleDeclaration><styleDeclaration><styleBlock><styleBlock><color><color value="#FFFFFF"/></color></styleBlock></styleBlock><styleSelector><simpleSelector value="zLine"/></styleSelector></styleDeclaration><styleDeclaration><styleBlock><styleBlock><color><color value="#21BFF2"/></color><alpha><double value="0.85"/></alpha></styleBlock></styleBlock><styleSelector><simpleSelector value="zMarker"/></styleSelector></styleDeclaration><styleDeclaration><styleBlock><styleBlock><gradEndAlpha><double value="1"/></gradEndAlpha><gradStartAlpha><double value="1"/></gradStartAlpha><borderAlpha><double value="0"/></borderAlpha><radius><double value="0"/></radius><thickness><double value="100"/></thickness></styleBlock></styleBlock><styleSelector><simpleSelector value="zTriangle"/></styleSelector></styleDeclaration><styleDeclaration><styleBlock><styleBlock><gradEndAlpha><double value="1"/></gradEndAlpha><gradStartAlpha><double value="1"/></gradStartAlpha><borderAlpha><double value="0"/></borderAlpha><radius><double value="0"/></radius><thickness><double value="100"/></thickness></styleBlock></styleBlock><styleSelector><simpleSelector value="zSquare"/></styleSelector></styleDeclaration><styleDeclaration><styleBlock><styleBlock><thickness><double value="10"/></thickness></styleBlock></styleBlock><styleSelector><simpleSelector value="#12"/></styleSelector></styleDeclaration><styleDeclaration><styleBlock><styleBlock><thickness><double value="10"/></thickness></styleBlock></styleBlock><styleSelector><simpleSelector value="#17"/></styleSelector></styleDeclaration><styleDeclaration><styleBlock><styleBlock><thickness><double value="10"/></thickness></styleBlock></styleBlock><styleSelector><simpleSelector value="#20"/></styleSelector></styleDeclaration><styleDeclaration><styleBlock><styleBlock><thickness><double value="10"/></thickness></styleBlock></styleBlock><styleSelector><simpleSelector value="#33_30863873"/></styleSelector></styleDeclaration><styleDeclaration><styleBlock><styleBlock><thickness><double value="10"/></thickness></styleBlock></styleBlock><styleSelector><simpleSelector value="#34_30863873"/></styleSelector></styleDeclaration><styleDeclaration><styleBlock><styleBlock><thickness><double value="10"/></thickness></styleBlock></styleBlock><styleSelector><simpleSelector value="#35_30863873"/></styleSelector></styleDeclaration><styleDeclaration><styleBlock><styleBlock><thickness><double value="10"/></thickness></styleBlock></styleBlock><styleSelector><simpleSelector value="#36_30863873"/></styleSelector></styleDeclaration></array></styleDeclarations></documentStyle></documentStyle><path><array><flyToObject><target><ref value="1_24309637"/></target></flyToObject><flyToObject><target><ref value="28_30863873"/></target></flyToObject><flyToObject><target><ref value="29_30863873"/></target></flyToObject><flyToObject><target><ref value="2_30863873"/></target></flyToObject><flyToObject><target><ref value="31_30863873"/></target></flyToObject><flyToObject><target><ref value="32_30863873"/></target></flyToObject><flyToObject><target><ref value="5_30863873"/></target></flyToObject><flyToObject><target><ref value="15_30863873"/></target></flyToObject><flyToObject><target><ref value="30_30863873"/></target></flyToObject><flyToObject><target><ref value="11"/></target></flyToObject><flyToObject><target><ref value="15"/></target></flyToObject><flyToObject><target><ref value="18"/></target></flyToObject><flyToObject><target><ref value="1_24309637"/></target></flyToObject></array></path><zObjects><array><zInvisibleFrame><height><double value="673.5649802477071"/></height><id><string value="1_24309637"/></id><localToWorld><transform2D x="1.1702799905544605E-12" y="-2.9800940729407957E-13" scale="34.72577767261607" rotation="0"/></localToWorld><styleClasses><array><token value="invisible"/></array></styleClasses><width><double value="1197.448853773701"/></width></zInvisibleFrame><zText><id><string value="2_24309637"/></id><localToWorld><transform2D x="-10627.29592560593" y="-1858.6680941193677" scale="49.53279408764709" rotation="0"/></localToWorld><styleClasses><array><token value="title"/></array></styleClasses><text><text><width>348.9339291265141</width><p><span><![CDATA[Horizon 2020: PUBLICS]]></span></p></text></text></zText><zCircleFrame><height><double value="800"/></height><id><string value="28_30863873"/></id><localToWorld><transform2D x="5419.241015369136" y="-70.18855306516109" scale="11.266816256279046" rotation="0"/></localToWorld><styleClasses><array><token value="circle"/></array></styleClasses><width><double value="800"/></width></zCircleFrame><zCircleFrame><height><double value="600"/></height><id><string value="29_30863873"/></id><localToWorld><transform2D x="-1309.79108155259" y="-4548.208980912499" scale="7.291233949306607" rotation="0"/></localToWorld><styleClasses><array><token value="circle"/></array></styleClasses><width><double value="600.3291278113"/></width></zCircleFrame><zCircleFrame><height><double value="800"/></height><id><string value="30_30863873"/></id><localToWorld><transform2D x="12203.41493325341" y="-4488.381907188342" scale="4.451532301469145" rotation="0"/></localToWorld><styleClasses><array><token value="circle"/></array></styleClasses><width><double value="800"/></width></zCircleFrame><zCircleFrame><height><double value="600"/></height><id><string value="31_30863873"/></id><localToWorld><transform2D x="-3867.999983250983" y="3859.486341292006" scale="9.578993586719319" rotation="0"/></localToWorld><styleClasses><array><token value="circle"/></array></styleClasses><width><double value="600.250521920668"/></width></zCircleFrame><zCircleFrame><height><double value="800"/></height><id><string value="32_30863873"/></id><localToWorld><transform2D x="15003.10574110888" y="2820.179915928809" scale="7.451217140734069" rotation="0"/></localToWorld><styleClasses><array><token value="circle"/></array></styleClasses><width><double value="800"/></width></zCircleFrame><zArrow><arcHeight><double value="-20.52594128777686"/></arcHeight><id><string value="33_30863873"/></id><localToWorld><transform2D x="1785.5489768698862" y="-4226.870791446665" scale="16.47561410648059" rotation="0.4650920633043108"/></localToWorld><startEndDistance><double value="-94.64923925296996"/></startEndDistance><styleClasses><array><token value="line3"/></array></styleClasses></zArrow><zArrow><arcHeight><double value="-22.377951720094806"/></arcHeight><id><string value="34_30863873"/></id><localToWorld><transform2D x="118.72338321310232" y="2350.9429883632106" scale="16.475614106480595" rotation="-0.2617993877991494"/></localToWorld><startEndDistance><double value="-141.43793403651608"/></startEndDistance><styleClasses><array><token value="line3"/></array></styleClasses></zArrow><zArrow><arcHeight><double value="-30.9592139898044"/></arcHeight><id><string value="35_30863873"/></id><localToWorld><transform2D x="11177.077361846106" y="955.6633688447271" scale="16.47561410648059" rotation="-0.06954798380704628"/></localToWorld><startEndDistance><double value="144.097393403534"/></startEndDistance><styleClasses><array><token value="line3"/></array></styleClasses></zArrow><zArrow><arcHeight><double value="-15.664383124189175"/></arcHeight><id><string value="36_30863873"/></id><localToWorld><transform2D x="9496.500664769423" y="-3879.405189004267" scale="16.475614106480585" rotation="-0.6165264014722167"/></localToWorld><startEndDistance><double value="103.6992313093863"/></startEndDistance><styleClasses><array><token value="line3"/></array></styleClasses></zArrow><zText><id><string value="12_4"/></id><localToWorld><transform2D x="5379.744523161142" y="-2343.620117935367" scale="24.838515982007273" rotation="0"/></localToWorld><styleClasses><array><token value="subtitle"/></array></styleClasses><text><text><width>220.4993900181616</width><p align="center"><span><![CDATA[What is PUBLICS?]]></span></p></text></text></zText><zText><id><string value="25_4"/></id><localToWorld><transform2D x="5681.336048054687" y="-627.7152731098561" scale="14.331698354110955" rotation="0"/></localToWorld><styleClasses><array><token value="body"/></array></styleClasses><text><text><width>390.9237784827681</width><p><span><![CDATA[PUBLICS is an acronym for Provide Uniform Basic Literacy in Informational and Computing Sector]]></span></p></text></text></zText><zText><id><string value="6_30863873"/></id><localToWorld><transform2D x="-3868.5952742642926" y="1977.2449025330295" scale="15.844790347705306" rotation="0"/></localToWorld><styleClasses><array><token value="subtitle"/></array></styleClasses><text><text><width>220.4993900181616</width><p align="center"><span><![CDATA[Who makes the team?]]></span></p></text></text></zText><zText><id><string value="7_30863873"/></id><localToWorld><transform2D x="-4068.8956255034" y="4161.171030601113" scale="9.142364057173848" rotation="0"/></localToWorld><styleClasses><array><token value="body"/></array></styleClasses><text><text><width>390.9237784827681</width><p indent="1" listType="bullet"><span><![CDATA[UNA Corp]]></span></p><p indent="1" listType="bullet"><span><![CDATA[Faculty of Mathematics, BU]]></span></p><p indent="1" listType="bullet"><span><![CDATA[University of Belgrade]]></span></p><p indent="1" listType="bullet"><span><![CDATA[University of Novi Sad]]></span></p><p indent="1" listType="bullet"><span><![CDATA[University of Nis]]></span></p><p indent="1" listType="bullet"><span><![CDATA[University of Kragujevac]]></span></p><p indent="1" listType="bullet"><span><![CDATA[Minstry of Education, Science and Technology]]></span></p><p indent="1" listType="bullet"><span><![CDATA[Telenor Group]]></span></p><p indent="1" listType="bullet"><span><![CDATA[ETH Zurich]]></span></p><p/></text></text></zText><zImage><assetSourceFilename><string value="Screenshot from 2017-12-29 14:10:20.png"/></assetSourceFilename><height><double value="707"/></height><id><string value="9"/></id><localToWorld><transform2D x="12203.65" y="-4760.8" scale="2.934236065141059" rotation="0"/></localToWorld><onlineAssetId><string value="4896976865"/></onlineAssetId><onlineAssetUrl><string value="http://0103.static.prezi.com.s3.amazonaws.com/media/1/7/5/576f203ced7f91ecb870bb7ca2c5523ed4096.png"/></onlineAssetUrl><width><double value="677"/></width></zImage><zImage><assetSourceFilename><string value="Screenshot from 2017-12-29 14:10:27.png"/></assetSourceFilename><height><double value="185"/></height><id><string value="10"/></id><localToWorld><transform2D x="12203.35" y="-3450.9000000000005" scale="2.9299082833340675" rotation="0"/></localToWorld><onlineAssetId><string value="4896976938"/></onlineAssetId><onlineAssetUrl><string value="http://0103.static.prezi.com.s3.amazonaws.com/media/3/7/c/303f69018d16a5f5115304a5612443193a8fa.png"/></onlineAssetUrl><width><double value="678"/></width></zImage><zText><id><string value="8_30863873"/></id><localToWorld><transform2D x="12177.25" y="-5970.65" scale="6.64017397865176" rotation="0"/></localToWorld><styleClasses><array><token value="subtitle"/></array></styleClasses><text><text><width>220.4993900181616</width><p align="center"><span><![CDATA[What is the plan?]]></span></p></text></text></zText><zText><id><string value="10_30863873"/></id><localToWorld><transform2D x="15002.659822913514" y="575.2620476123341" scale="9.813726761794143" rotation="0"/></localToWorld><styleClasses><array><token value="subtitle"/></array></styleClasses><text><text><width>220.4993900181616</width><p align="center"><span><![CDATA[We have a great team]]></span></p></text></text></zText><zText><id><string value="11_30863873"/></id><localToWorld><transform2D x="14851.250000000002" y="1829.6500000000003" scale="5.662470808706249" rotation="0"/></localToWorld><styleClasses><array><token value="body"/></array></styleClasses><text><text><width>531.4059098877204</width><p><span><![CDATA[Our team consists of:]]></span></p><p indent="1" listType="bullet"><span><![CDATA[best experts in the field ]]></span></p><p indent="1" listType="bullet"><span><![CDATA[highly qualified members who have all the necessary knowledge and skills ]]></span></p><p indent="1" listType="bullet"><span><![CDATA[people who have achieved numerous prizes]]></span></p><p indent="1" listType="bullet"><span><![CDATA[people who have already done vast amount of projects during their career]]></span></p><p indent="1" listType="bullet"><span><![CDATA[experienced members]]></span></p><p indent="1" listType="bullet"><span><![CDATA[people opened for collaboration ]]></span></p></text></text></zText><zText><id><string value="0_30863873"/></id><localToWorld><transform2D x="-1346.0346611793886" y="-6070.757045377064" scale="9.649255578810832" rotation="0"/></localToWorld><styleClasses><array><token value="subtitle"/></array></styleClasses><text><text><width>220.4993900181616</width><p align="center"><span><![CDATA[What are the main objectives?]]></span></p></text></text></zText><zCircleFrame><height><double value="600"/></height><id><string value="2_30863873"/></id><localToWorld><transform2D x="-1309.79108155259" y="-3301.219299828493" scale="2.3260236714836147" rotation="-0.030439096339748572"/></localToWorld><styleClasses><array><token value="circle"/></array></styleClasses><width><double value="600.0000000000002"/></width></zCircleFrame><zText><id><string value="3_30863873"/></id><localToWorld><transform2D x="-1334.3017327644684" y="-3754.1819196536017" scale="3.845916283569113" rotation="-0.030439096339748516"/></localToWorld><styleClasses><array><token value="subtitle"/></array></styleClasses><text><text><width>220.4993900181616</width><p align="center"><span><![CDATA[Who can participate?]]></span></p></text></text></zText><zCircleFrame><height><double value="800"/></height><id><string value="5_30863873"/></id><localToWorld><transform2D x="13907.711656365998" y="4079.1984473220555" scale="2.296553045119744" rotation="0"/></localToWorld><styleClasses><array><token value="circle"/></array></styleClasses><width><double value="800"/></width></zCircleFrame><zText><id><string value="13_30863873"/></id><localToWorld><transform2D x="14034.222992881678" y="4184.454545721768" scale="2.9212782695846604" rotation="-4.363990405349955E-17"/></localToWorld><styleClasses><array><token value="body"/></array></styleClasses><text><text><width>390.9237784827681</width><p><span><![CDATA[We are going to organize:]]></span></p><p indent="1" listType="bullet"><span><![CDATA[workshops]]></span></p><p indent="1" listType="bullet"><span><![CDATA[courses (online and in-person)]]></span></p><p indent="1" listType="bullet"><span><![CDATA[tests]]></span></p><p indent="1" listType="bullet"><span><![CDATA[certification]]></span></p><p indent="1"/><p><span><![CDATA[They will be held in:]]></span></p><p indent="1" listType="bullet"><span><![CDATA[Belgrade, ]]></span></p><p indent="1" listType="bullet"><span><![CDATA[Novi Sad, ]]></span></p><p indent="1" listType="bullet"><span><![CDATA[Nis, ]]></span></p><p indent="1" listType="bullet"><span><![CDATA[Kragujevac and other. ]]></span></p><p/></text></text></zText><zCircleFrame><height><double value="800"/></height><id><string value="15_30863873"/></id><localToWorld><transform2D x="15874.202015062536" y="4308.472738186705" scale="2.2965530451197433" rotation="0"/></localToWorld><styleClasses><array><token value="circle"/></array></styleClasses><width><double value="800"/></width></zCircleFrame><zText><id><string value="16_30863873"/></id><localToWorld><transform2D x="15910.301312238542" y="3807.2398090063207" scale="5.062918238587934" rotation="0"/></localToWorld><styleClasses><array><token value="subtitle"/></array></styleClasses><text><text><width>220.4993900181616</width><p align="center"><span><![CDATA[What are potential risks?]]></span></p></text></text></zText><zText><id><string value="17_30863873"/></id><localToWorld><transform2D x="15882.051364807112" y="4260.287100292291" scale="2.9212782695846604" rotation="0"/></localToWorld><styleClasses><array><token value="body"/></array></styleClasses><text><text><width>496.3278030887689</width><p indent="1" listType="bullet"><span><![CDATA[no enough staff]]></span></p><p indent="1" listType="bullet"><span><![CDATA[vast amount of people who fill the same criteria for the courses]]></span></p></text></text></zText><zText><id><string value="0"/></id><localToWorld><transform2D x="-13577.150000000001" y="-540.75" scale="29.744234631987137" rotation="0"/></localToWorld><styleClasses><array><token value="body"/></array></styleClasses><text><text><width>-158.9765625</width><p><span><![CDATA[Una Stankovic]]></span></p></text></text></zText><zText><id><string value="1"/></id><localToWorld><transform2D x="6025.29120380965" y="1360.1255076457953" scale="14.331698354110955" rotation="0"/></localToWorld><styleClasses><array><token value="body"/></array></styleClasses><text><text><width>438.90234375</width><p><span><![CDATA[It is a project below Horizon 2020 initiative with the main goal to provide education for vast amount of people in Serbia]]></span></p></text></text></zText><zText><id><string value="2"/></id><localToWorld><transform2D x="-1315.85" y="-4859.2" scale="4.394168571649466" rotation="0"/></localToWorld><styleClasses><array><token value="body"/></array></styleClasses><text><text><width>823.1494885172118</width><p indent="1" listType="bullet"><span><![CDATA[to provide computer education for people of all ages, education and socioeconomic backgrounds]]></span></p><p indent="1" listType="bullet"><span><![CDATA[to expand general knowledge on informational and computing sector]]></span></p><p indent="1" listType="bullet"><span><![CDATA[to provide uniformed tests and evaluation of ICT knowledge]]></span></p><p indent="1" listType="bullet"><span><![CDATA[to help older people to get in track with modern technology in order to provide them better lives]]></span></p><p indent="1" listType="bullet"><span><![CDATA[to get younger people interested in technology as early as possible ]]></span></p><p indent="1" listType="bullet"><span><![CDATA[to help people whose jobs are not in demand to get educated in Informational and Computing Sector in order to provide them highly demanded jobs]]></span></p><p indent="1" listType="bullet"><span><![CDATA[to help young people, with no access to modern technology]]></span></p></text></text></zText><zText><id><string value="3"/></id><localToWorld><transform2D x="-1288.45" y="-3297.55" scale="2.829135924075234" rotation="-0.030439096339748516"/></localToWorld><styleClasses><array><token value="body"/></array></styleClasses><text><text><width>378.5194605632164</width><p indent="1" listType="bullet"><span><![CDATA[Young people : between 10-24 ]]></span></p><p indent="1" listType="bullet"><span><![CDATA[People older than 24 in active search of job]]></span></p><p indent="1" listType="bullet"><span><![CDATA[People older than 65]]></span></p></text></text></zText><zText><id><string value="8"/></id><localToWorld><transform2D x="13975.25" y="3421.85" scale="4.216161203693816" rotation="0"/></localToWorld><styleClasses><array><token value="title"/></array></styleClasses><text><text><width>181.4578125</width><p><span><![CDATA[How are we going to succeed?]]></span></p></text></text></zText><zCircleFrame><height><double value="800"/></height><id><string value="11"/></id><localToWorld><transform2D x="392.05" y="9552.65" scale="4.983131360910058" rotation="0"/></localToWorld><styleClasses><array><token value="circle"/></array></styleClasses><width><double value="800"/></width></zCircleFrame><zArrow><arcHeight><double value="-55.47543929976132"/></arcHeight><id><string value="12"/></id><localToWorld><transform2D x="1671.4290066009503" y="5494.089320701703" scale="16.475614106480606" rotation="-0.7853981633974467"/></localToWorld><startEndDistance><double value="-243.6155357150115"/></startEndDistance><styleClasses><array><token value="line3"/></array></styleClasses></zArrow><zText><id><string value="13"/></id><localToWorld><transform2D x="529.9311317947145" y="8336.134396273424" scale="8.815668748302636" rotation="0"/></localToWorld><styleClasses><array><token value="title"/></array></styleClasses><text><text><width>281.03695379695483</width><p><span><![CDATA[What are the numbers?]]></span></p></text></text></zText><zText><id><string value="14"/></id><localToWorld><transform2D x="266.59999999999997" y="9628.2" scale="7.1611717712364005" rotation="0"/></localToWorld><styleClasses><array><token value="title"/></array></styleClasses><text><text><width>419.5454545454546</width><p><span><![CDATA[ Expected number of people who will undergo the project divided in several critical groups are (roughly 10% of total population in that age group) :]]></span></p><p indent="1" listType="bullet"><span><![CDATA[110.000 of people between 10-24 years old]]></span></p><p indent="1" listType="bullet"><span><![CDATA[150.000 of people older than 65 ]]></span></p><p indent="1" listType="bullet"><span><![CDATA[50.000 people in active search of jobs who want to be trained in IT]]></span></p></text></text></zText><zCircleFrame><height><double value="800"/></height><id><string value="15"/></id><localToWorld><transform2D x="5188.1" y="8403.050000000001" scale="3.7337002377434416" rotation="0"/></localToWorld><styleClasses><array><token value="circle"/></array></styleClasses><width><double value="800"/></width></zCircleFrame><zImage><assetSourceFilename><string value="Screenshot from 2017-12-29 14:38:21.png"/></assetSourceFilename><height><double value="288"/></height><id><string value="16"/></id><localToWorld><transform2D x="5163.799999999999" y="8330.6" scale="3.2855537857366346" rotation="0"/></localToWorld><onlineAssetId><string value="4896977886"/></onlineAssetId><onlineAssetUrl><string value="http://0103.static.prezi.com.s3.amazonaws.com/media/6/0/c/cbc297ac856a79b853b8a6fb66769669946ac.png"/></onlineAssetUrl><width><double value="733"/></width></zImage><zArrow><arcHeight><double value="-55.47543929976132"/></arcHeight><id><string value="17"/></id><localToWorld><transform2D x="3856.797757238689" y="5826.928750778404" scale="16.475614106480606" rotation="-1.4909919065045691"/></localToWorld><startEndDistance><double value="-152.86231717097678"/></startEndDistance><styleClasses><array><token value="line3"/></array></styleClasses></zArrow><zCircleFrame><height><double value="800"/></height><id><string value="18"/></id><localToWorld><transform2D x="7353.9" y="-8675.8" scale="4.568610125053552" rotation="0"/></localToWorld><styleClasses><array><token value="circle"/></array></styleClasses><width><double value="800"/></width></zCircleFrame><zText><id><string value="19"/></id><localToWorld><transform2D x="7388.3" y="-8973.15" scale="16.60824681501283" rotation="0"/></localToWorld><styleClasses><array><token value="title"/></array></styleClasses><text><text><width>-125.390625</width><p><span><![CDATA[Thank you! ]]></span></p></text></text></zText><zArrow><arcHeight><double value="-16.856563597995383"/></arcHeight><id><string value="20"/></id><localToWorld><transform2D x="6592.086537017371" y="-5719.915424778105" scale="16.475614106480585" rotation="-1.0978858251563721"/></localToWorld><startEndDistance><double value="121.51122726208385"/></startEndDistance><styleClasses><array><token value="line3"/></array></styleClasses></zArrow></array></zObjects></prezi>